{"cameraMode":{"drawMode":0,"name":"Shaded","section":"Shading Mode"},"sceneLighting":false,"audioPlay":false,"sceneViewState":{"m_AlwaysRefresh":false,"showFog":false,"showSkybox":false,"showFlares":false,"showImageEffects":false,"showParticleSystems":false,"showVisualEffectGraphs":true,"m_FxEnabled":true},"in2DMode":false,"pivot":{"x":-5.960464477539063e-8,"y":0.9014089703559876,"z":0.016609370708465577},"rotation":{"x":-0.01272257324308157,"y":-0.9870662093162537,"z":0.12292636930942536,"w":-0.10223329067230225},"size":1.2879095077514649,"orthographic":false}