{"cameraMode":{"drawMode":0,"name":"Shaded","section":"Shading Mode"},"sceneLighting":false,"audioPlay":false,"sceneViewState":{"m_AlwaysRefresh":false,"showFog":false,"showSkybox":false,"showFlares":false,"showImageEffects":false,"showParticleSystems":false,"showVisualEffectGraphs":true,"m_FxEnabled":true},"in2DMode":false,"pivot":{"x":-0.1685066819190979,"y":1.2842270135879517,"z":1.1412261724472047},"rotation":{"x":0.002323391381651163,"y":-0.990236222743988,"z":0.13843341171741486,"w":0.016633737832307817},"size":1.8743891716003419,"orthographic":false}