{"cameraMode":{"drawMode":0,"name":"Shaded","section":"Shading Mode"},"sceneLighting":false,"audioPlay":false,"sceneViewState":{"showFog":true,"showMaterialUpdate":false,"showSkybox":false,"showFlares":true,"showImageEffects":true,"showParticleSystems":true},"in2DMode":false,"pivot":{"x":34.650001525878909,"y":0.9846687912940979,"z":-11.789999961853028},"rotation":{"x":-0.15097454190254212,"y":-0.27425336837768557,"z":0.04364250972867012,"w":-0.9487335085868836},"size":1.4509390592575074,"orthographic":false}